dose,surviving.fraction,cell.line
0,1,SCC-61
0.5,1.112676056,SCC-61
1,1.197183099,SCC-61
1.5,0.985915493,SCC-61
2,1.070422535,SCC-61
2.5,0.943661972,SCC-61
5,0.176056338,SCC-61
7.5,0.002816901,SCC-61
0,1,rSCC-61
0.5,0.363636364,rSCC-61
1,0.896103896,rSCC-61
1.5,0.435064935,rSCC-61
2,0.593073593,rSCC-61
2.5,0.151515152,rSCC-61
5,0.002597403,rSCC-61
7.5,0,rSCC-61
