dose,surviving.fraction,cell.line
0,1,SCC61
0.5,1.112676056,SCC61
1,1.197183099,SCC61
1.5,0.985915493,SCC61
2,1.070422535,SCC61
2.5,0.943661972,SCC61
5,0.176056338,SCC61
7.5,0.002816901,SCC61
0,1,rSCC61
0.5,0.363636364,rSCC61
1,0.896103896,rSCC61
1.5,0.435064935,rSCC61
2,0.593073593,rSCC61
2.5,0.151515152,rSCC61
5,0.002597403,rSCC61
7.5,0,rSCC61
